<Anims>
 <anim name="idle" root="hat_houndstooth" numframes="1000" framerate="40">
  <frame idx="0" w="522" h="618" x="-66.999893" y="-197.500183">
   <element name="swap_hat" layername="timeline_0" frame="0" z_index="1" m_a="1.000000" m_b="0.000000" m_c="0.000000" m_d="1.000000" m_tx="-240.999893" m_ty="-342.000183"/>
  </frame>
  <frame idx="25" w="522" h="618" x="-66.999893" y="-197.500183">
   <element name="swap_hat" layername="timeline_0" frame="0" z_index="1" m_a="1.000000" m_b="0.000000" m_c="0.000000" m_d="1.000000" m_tx="-240.999893" m_ty="-342.000183"/>
  </frame>
  <frame idx="50" w="522" h="618" x="-66.999893" y="-197.500183">
   <element name="swap_hat" layername="timeline_0" frame="0" z_index="1" m_a="1.000000" m_b="0.000000" m_c="0.000000" m_d="1.000000" m_tx="-240.999893" m_ty="-342.000183"/>
  </frame>
  <frame idx="75" w="522" h="618" x="-66.999893" y="-197.500183">
   <element name="swap_hat" layername="timeline_0" frame="0" z_index="1" m_a="1.000000" m_b="0.000000" m_c="0.000000" m_d="1.000000" m_tx="-240.999893" m_ty="-342.000183"/>
  </frame>
  <frame idx="100" w="522" h="618" x="-66.999893" y="-197.500183">
   <element name="swap_hat" layername="timeline_0" frame="0" z_index="1" m_a="1.000000" m_b="0.000000" m_c="0.000000" m_d="1.000000" m_tx="-240.999893" m_ty="-342.000183"/>
  </frame>
  <frame idx="125" w="522" h="618" x="-66.999893" y="-197.500183">
   <element name="swap_hat" layername="timeline_0" frame="0" z_index="1" m_a="1.000000" m_b="0.000000" m_c="0.000000" m_d="1.000000" m_tx="-240.999893" m_ty="-342.000183"/>
  </frame>
  <frame idx="150" w="522" h="618" x="-66.999893" y="-197.500183">
   <element name="swap_hat" layername="timeline_0" frame="0" z_index="1" m_a="1.000000" m_b="0.000000" m_c="0.000000" m_d="1.000000" m_tx="-240.999893" m_ty="-342.000183"/>
  </frame>
  <frame idx="175" w="522" h="618" x="-66.999893" y="-197.500183">
   <element name="swap_hat" layername="timeline_0" frame="0" z_index="1" m_a="1.000000" m_b="0.000000" m_c="0.000000" m_d="1.000000" m_tx="-240.999893" m_ty="-342.000183"/>
  </frame>
  <frame idx="200" w="522" h="618" x="-66.999893" y="-197.500183">
   <element name="swap_hat" layername="timeline_0" frame="0" z_index="1" m_a="1.000000" m_b="0.000000" m_c="0.000000" m_d="1.000000" m_tx="-240.999893" m_ty="-342.000183"/>
  </frame>
  <frame idx="225" w="522" h="618" x="-66.999893" y="-197.500183">
   <element name="swap_hat" layername="timeline_0" frame="0" z_index="1" m_a="1.000000" m_b="0.000000" m_c="0.000000" m_d="1.000000" m_tx="-240.999893" m_ty="-342.000183"/>
  </frame>
  <frame idx="250" w="522" h="618" x="-66.999893" y="-197.500183">
   <element name="swap_hat" layername="timeline_0" frame="0" z_index="1" m_a="1.000000" m_b="0.000000" m_c="0.000000" m_d="1.000000" m_tx="-240.999893" m_ty="-342.000183"/>
  </frame>
  <frame idx="275" w="522" h="618" x="-66.999893" y="-197.500183">
   <element name="swap_hat" layername="timeline_0" frame="0" z_index="1" m_a="1.000000" m_b="0.000000" m_c="0.000000" m_d="1.000000" m_tx="-240.999893" m_ty="-342.000183"/>
  </frame>
  <frame idx="300" w="522" h="618" x="-66.999893" y="-197.500183">
   <element name="swap_hat" layername="timeline_0" frame="0" z_index="1" m_a="1.000000" m_b="0.000000" m_c="0.000000" m_d="1.000000" m_tx="-240.999893" m_ty="-342.000183"/>
  </frame>
  <frame idx="325" w="522" h="618" x="-66.999893" y="-197.500183">
   <element name="swap_hat" layername="timeline_0" frame="0" z_index="1" m_a="1.000000" m_b="0.000000" m_c="0.000000" m_d="1.000000" m_tx="-240.999893" m_ty="-342.000183"/>
  </frame>
  <frame idx="350" w="522" h="618" x="-66.999893" y="-197.500183">
   <element name="swap_hat" layername="timeline_0" frame="0" z_index="1" m_a="1.000000" m_b="0.000000" m_c="0.000000" m_d="1.000000" m_tx="-240.999893" m_ty="-342.000183"/>
  </frame>
  <frame idx="375" w="522" h="618" x="-66.999893" y="-197.500183">
   <element name="swap_hat" layername="timeline_0" frame="0" z_index="1" m_a="1.000000" m_b="0.000000" m_c="0.000000" m_d="1.000000" m_tx="-240.999893" m_ty="-342.000183"/>
  </frame>
  <frame idx="400" w="522" h="618" x="-66.999893" y="-197.500183">
   <element name="swap_hat" layername="timeline_0" frame="0" z_index="1" m_a="1.000000" m_b="0.000000" m_c="0.000000" m_d="1.000000" m_tx="-240.999893" m_ty="-342.000183"/>
  </frame>
  <frame idx="425" w="522" h="618" x="-66.999893" y="-197.500183">
   <element name="swap_hat" layername="timeline_0" frame="0" z_index="1" m_a="1.000000" m_b="0.000000" m_c="0.000000" m_d="1.000000" m_tx="-240.999893" m_ty="-342.000183"/>
  </frame>
  <frame idx="450" w="522" h="618" x="-66.999893" y="-197.500183">
   <element name="swap_hat" layername="timeline_0" frame="0" z_index="1" m_a="1.000000" m_b="0.000000" m_c="0.000000" m_d="1.000000" m_tx="-240.999893" m_ty="-342.000183"/>
  </frame>
  <frame idx="475" w="522" h="618" x="-66.999893" y="-197.500183">
   <element name="swap_hat" layername="timeline_0" frame="0" z_index="1" m_a="1.000000" m_b="0.000000" m_c="0.000000" m_d="1.000000" m_tx="-240.999893" m_ty="-342.000183"/>
  </frame>
  <frame idx="500" w="522" h="618" x="-66.999893" y="-197.500183">
   <element name="swap_hat" layername="timeline_0" frame="0" z_index="1" m_a="1.000000" m_b="0.000000" m_c="0.000000" m_d="1.000000" m_tx="-240.999893" m_ty="-342.000183"/>
  </frame>
  <frame idx="525" w="522" h="618" x="-66.999893" y="-197.500183">
   <element name="swap_hat" layername="timeline_0" frame="0" z_index="1" m_a="1.000000" m_b="0.000000" m_c="0.000000" m_d="1.000000" m_tx="-240.999893" m_ty="-342.000183"/>
  </frame>
  <frame idx="550" w="522" h="618" x="-66.999893" y="-197.500183">
   <element name="swap_hat" layername="timeline_0" frame="0" z_index="1" m_a="1.000000" m_b="0.000000" m_c="0.000000" m_d="1.000000" m_tx="-240.999893" m_ty="-342.000183"/>
  </frame>
  <frame idx="575" w="522" h="618" x="-66.999893" y="-197.500183">
   <element name="swap_hat" layername="timeline_0" frame="0" z_index="1" m_a="1.000000" m_b="0.000000" m_c="0.000000" m_d="1.000000" m_tx="-240.999893" m_ty="-342.000183"/>
  </frame>
  <frame idx="600" w="522" h="618" x="-66.999893" y="-197.500183">
   <element name="swap_hat" layername="timeline_0" frame="0" z_index="1" m_a="1.000000" m_b="0.000000" m_c="0.000000" m_d="1.000000" m_tx="-240.999893" m_ty="-342.000183"/>
  </frame>
  <frame idx="625" w="522" h="618" x="-66.999893" y="-197.500183">
   <element name="swap_hat" layername="timeline_0" frame="0" z_index="1" m_a="1.000000" m_b="0.000000" m_c="0.000000" m_d="1.000000" m_tx="-240.999893" m_ty="-342.000183"/>
  </frame>
  <frame idx="650" w="522" h="618" x="-66.999893" y="-197.500183">
   <element name="swap_hat" layername="timeline_0" frame="0" z_index="1" m_a="1.000000" m_b="0.000000" m_c="0.000000" m_d="1.000000" m_tx="-240.999893" m_ty="-342.000183"/>
  </frame>
  <frame idx="675" w="522" h="618" x="-66.999893" y="-197.500183">
   <element name="swap_hat" layername="timeline_0" frame="0" z_index="1" m_a="1.000000" m_b="0.000000" m_c="0.000000" m_d="1.000000" m_tx="-240.999893" m_ty="-342.000183"/>
  </frame>
  <frame idx="700" w="522" h="618" x="-66.999893" y="-197.500183">
   <element name="swap_hat" layername="timeline_0" frame="0" z_index="1" m_a="1.000000" m_b="0.000000" m_c="0.000000" m_d="1.000000" m_tx="-240.999893" m_ty="-342.000183"/>
  </frame>
  <frame idx="725" w="522" h="618" x="-66.999893" y="-197.500183">
   <element name="swap_hat" layername="timeline_0" frame="0" z_index="1" m_a="1.000000" m_b="0.000000" m_c="0.000000" m_d="1.000000" m_tx="-240.999893" m_ty="-342.000183"/>
  </frame>
  <frame idx="750" w="522" h="618" x="-66.999893" y="-197.500183">
   <element name="swap_hat" layername="timeline_0" frame="0" z_index="1" m_a="1.000000" m_b="0.000000" m_c="0.000000" m_d="1.000000" m_tx="-240.999893" m_ty="-342.000183"/>
  </frame>
  <frame idx="775" w="522" h="618" x="-66.999893" y="-197.500183">
   <element name="swap_hat" layername="timeline_0" frame="0" z_index="1" m_a="1.000000" m_b="0.000000" m_c="0.000000" m_d="1.000000" m_tx="-240.999893" m_ty="-342.000183"/>
  </frame>
  <frame idx="800" w="522" h="618" x="-66.999893" y="-197.500183">
   <element name="swap_hat" layername="timeline_0" frame="0" z_index="1" m_a="1.000000" m_b="0.000000" m_c="0.000000" m_d="1.000000" m_tx="-240.999893" m_ty="-342.000183"/>
  </frame>
  <frame idx="825" w="522" h="618" x="-66.999893" y="-197.500183">
   <element name="swap_hat" layername="timeline_0" frame="0" z_index="1" m_a="1.000000" m_b="0.000000" m_c="0.000000" m_d="1.000000" m_tx="-240.999893" m_ty="-342.000183"/>
  </frame>
  <frame idx="850" w="522" h="618" x="-66.999893" y="-197.500183">
   <element name="swap_hat" layername="timeline_0" frame="0" z_index="1" m_a="1.000000" m_b="0.000000" m_c="0.000000" m_d="1.000000" m_tx="-240.999893" m_ty="-342.000183"/>
  </frame>
  <frame idx="875" w="522" h="618" x="-66.999893" y="-197.500183">
   <element name="swap_hat" layername="timeline_0" frame="0" z_index="1" m_a="1.000000" m_b="0.000000" m_c="0.000000" m_d="1.000000" m_tx="-240.999893" m_ty="-342.000183"/>
  </frame>
  <frame idx="900" w="522" h="618" x="-66.999893" y="-197.500183">
   <element name="swap_hat" layername="timeline_0" frame="0" z_index="1" m_a="1.000000" m_b="0.000000" m_c="0.000000" m_d="1.000000" m_tx="-240.999893" m_ty="-342.000183"/>
  </frame>
  <frame idx="925" w="522" h="618" x="-66.999893" y="-197.500183">
   <element name="swap_hat" layername="timeline_0" frame="0" z_index="1" m_a="1.000000" m_b="0.000000" m_c="0.000000" m_d="1.000000" m_tx="-240.999893" m_ty="-342.000183"/>
  </frame>
  <frame idx="950" w="522" h="618" x="-66.999893" y="-197.500183">
   <element name="swap_hat" layername="timeline_0" frame="0" z_index="1" m_a="1.000000" m_b="0.000000" m_c="0.000000" m_d="1.000000" m_tx="-240.999893" m_ty="-342.000183"/>
  </frame>
  <frame idx="975" w="522" h="618" x="-66.999893" y="-197.500183">
   <element name="swap_hat" layername="timeline_0" frame="0" z_index="1" m_a="1.000000" m_b="0.000000" m_c="0.000000" m_d="1.000000" m_tx="-240.999893" m_ty="-342.000183"/>
  </frame>
 </anim>
</Anims>
